<?xml version="1.0" encoding="UTF-8"?>
<tt xmlns="http://www.w3.org/2006/04/ttaf1"
      xmlns:tts="http://www.w3.org/2006/04/ttaf1#styling" xml:lang="en">
  <head>
    <styling>
      <style id="defaultSpeaker" tts:fontSize="12" tts:fontFamily="SansSerif" tts:fontWeight="normal" tts:fontStyle="normal" tts:textDecoration="none" tts:color="white" tts:backgroundColor="black" tts:textAlign="left" />
      <style id="defaultCaption" tts:fontSize="12" tts:fontFamily="Arial" tts:fontWeight="normal" tts:fontStyle="normal" tts:textDecoration="none" tts:color="white" tts:backgroundColor="black" tts:textAlign="center" />
    </styling>
  </head>
  <body id="thebody" style="defaultCaption">
    <div xml:lang="en">
      <p begin="0:00:00.20" end="0:00:02.20">If there were nothing <br />
in our universe</p>
      <p begin="0:00:02.20" end="0:00:05.65">the fabric of space-time <br />
would be flat.</p>
      <p begin="0:00:05.65" end="0:00:08.88">But add a mass, <br />
and dimples form within it.</p>
      <p begin="0:00:16.61" end="0:00:19.84">Smaller objects that <br />
approach that large mass</p>
      <p begin="0:00:19.84" end="0:00:23.41">will follow the curve <br />in space-time around it.</p>
      <p begin="0:00:32.64" end="0:00:36.84">Our nearest star, the sun, <br />has formed such a dimple</p>
      <p begin="0:00:36.84" end="0:00:38.00">and our tiny planet Earth</p>
      <p begin="0:00:38.00" end="0:00:41.50">goes along for the ride <br />in the curve of its dimple</p>
      <p begin="0:00:41.50" end="0:00:43.80">staying in orbit <br />around the sun.</p>
      <p begin="0:00:45.67" end="0:01:55.00"></p>
    </div>
  </body>
</tt>
